Workbook

Sheet ORB Results
A1: Period | B1: Symbol | C1: Range_Days | D1: Trade_Days | E1: Range_High | F1: Range_Low | G1: Range | H1: Trade_Direction | I1: Entry_Price | J1: Exit_Price | K1: Trade_PL | L1: Drawdown_Pct | M1: Result | N1: Cumulative_PL
A2: 2011 | B2: ESH1 | C2: 77 | D2: 232 | E2: 1343 | F2: 1241.25 | G2: =E2-F2 | H2: Long | I2: 1343 | J2: 1241.25 | K2: =IF(H2="Long",J2-I2,IF(H2="Short",I2-J2,0)) | L2: 100 | M2: Loss | N2: =K2
A3: 2011 | B3: ESH1 | C3: 77 | D3: 232 | E3: 1343 | F3: 1241.25 | G3: =E3-F3 | H3: Short | I3: 1241.25 | J3: 1139.5 | K3: =IF(H3="Long",J3-I3,IF(H3="Short",I3-J3,0)) | L3: 0 | M3: Win | N3: =N2+K3
A4: 2012 | B4: ESH2 | C4: 76 | D4: 235 | E4: 1419.75 | F4: 1259.75 | G4: =E4-F4 | H4: Long | I4: 1419.75 | J4: 1423.75 | K4: =IF(H4="Long",J4-I4,IF(H4="Short",I4-J4,0)) | L4: 49.69 | M4: Period-Close | N4: =N3+K4
A5: 2013 | B5: ESH3 | C5: 73 | D5: 233 | E5: 1564.5 | F5: 1438.25 | G5: =E5-F5 | H5: Long | I5: 1564.5 | J5: 1690.75 | K5: =IF(H5="Long",J5-I5,IF(H5="Short",I5-J5,0)) | L5: 26.73 | M5: Win | N5: =N4+K5
A6: 2014 | B6: ESH4 | C6: 74 | D6: 228 | E6: 1887.5 | F6: 1732 | G6: =E6-F6 | H6: Long | I6: 1887.5 | J6: 2043 | K6: =IF(H6="Long",J6-I6,IF(H6="Short",I6-J6,0)) | L6: 47.91 | M6: Win | N6: =N5+K6
A7: 2015 | B7: ESH5 | C7: 77 | D7: 235 | E7: 2117.75 | F7: 1970.25 | G7: =E7-F7 | H7: Long | I7: 2117.75 | J7: 1970.25 | K7: =IF(H7="Long",J7-I7,IF(H7="Short",I7-J7,0)) | L7: 100 | M7: Loss | N7: =N6+K7
A8: 2015 | B8: ESH5 | C8: 77 | D8: 235 | E8: 2117.75 | F8: 1970.25 | G8: =E8-F8 | H8: Short | I8: 1970.25 | J8: 2035.75 | K8: =IF(H8="Long",J8-I8,IF(H8="Short",I8-J8,0)) | L8: 94.92 | M8: Period-Close | N8: =N7+K8
A9: 2016 | B9: ESH6 | C9: 76 | D9: 234 | E9: 2064.5 | F9: 1802.5 | G9: =E9-F9 | H9: Long | I9: 2064.5 | J9: 2233.5 | K9: =IF(H9="Long",J9-I9,IF(H9="Short",I9-J9,0)) | L9: 31.68 | M9: Period-Close | N9: =N8+K9
A10: 2017 | B10: ESH7 | C10: 77 | D10: 232 | E10: 2401 | F10: 2239.5 | G10: =E10-F10 | H10: Long | I10: 2401 | J10: 2562.5 | K10: =IF(H10="Long",J10-I10,IF(H10="Short",I10-J10,0)) | L10: 0 | M10: Win | N10: =N9+K10
A11: 2018 | B11: ESH8 | C11: 76 | D11: 236 | E11: 2878.5 | F11: 2529 | G11: =E11-F11 | H11: Long | I11: 2878.5 | J11: 2529 | K11: =IF(H11="Long",J11-I11,IF(H11="Short",I11-J11,0)) | L11: 100 | M11: Loss | N11: =N10+K11
A12: 2018 | B12: ESH8 | C12: 76 | D12: 236 | E12: 2878.5 | F12: 2529 | G12: =E12-F12 | H12: Short | I12: 2529 | J12: 2508.75 | K12: =IF(H12="Long",J12-I12,IF(H12="Short",I12-J12,0)) | L12: 0 | M12: Period-Close | N12: =N11+K12
A13: 2019 | B13: ESH9 | C13: 77 | D13: 235 | E13: 2866 | F13: 2438.5 | G13: =E13-F13 | H13: Long | I13: 2866 | J13: 3236 | K13: =IF(H13="Long",J13-I13,IF(H13="Short",I13-J13,0)) | L13: 32.11 | M13: Period-Close | N13: =N12+K13
A14: 2020 | B14: ESH0 | C14: 78 | D14: 234 | E14: 3397.5 | F14: 2174 | G14: =E14-F14 | H14: Long | I14: 3397.5 | J14: 3748.75 | K14: =IF(H14="Long",J14-I14,IF(H14="Short",I14-J14,0)) | L14: 16.31 | M14: Period-Close | N14: =N13+K14
... A21: 2025 | B21: ESH5 | C21: 77 | D21: 235 | E21: 6166.5 | F21: 5509.25 | G21: =E21-F21 | H21: Short | I21: 5509.25 | J21: 6166.5 | K21: =IF(H21="Long",J21-I21,IF(H21="Short",I21-J21,0)) | L21: 100 | M21: Loss | N21: =N20+K21

Sheet Summary
A1: Metric | B1: Value
A2: Total Rows | B2: =COUNTA('ORB Results'!M2:M21)
A3: Trades (excl No-Op) | B3: =COUNTIF('ORB Results'!M2:M21,"Win")+COUNTIF('ORB Results'!M2:M21,"Loss")+COUNTIF('ORB Results'!M2:M21,"EOD-Close")+COUNTIF('ORB Results'!M2:M21,"Period-Close")
A4: Wins | B4: =COUNTIF('ORB Results'!M2:M21,"Win")
A5: Losses | B5: =COUNTIF('ORB Results'!M2:M21,"Loss")
A6: EOD/Period Close | B6: =COUNTIF('ORB Results'!M2:M21,"EOD-Close")+COUNTIF('ORB Results'!M2:M21,"Period-Close")
A7: No-Op | B7: =COUNTIF('ORB Results'!M2:M21,"No-Op")
A8: Win Rate (W/L only) | B8: =IF(B4+B5>0,B4/(B4+B5),0)
A9: Win Rate (all trades) | B9: =IF(B3>0,COUNTIFS('ORB Results'!M2:M21,"<>No-Op",'ORB Results'!K2:K21,">"&0)/B3,0)
A10: Total P/L | B10: =SUM('ORB Results'!K2:K21)
A11: Avg Trade P/L | B11: =IF(B3>0,B10/B3,0)
A12: Avg Drawdown % | B12: =AVERAGEIFS('ORB Results'!L2:L21,'ORB Results'!M2:M21,"<>No-Op")
A13: Avg Win Drawdown % | B13: =AVERAGEIF('ORB Results'!M2:M21,"Win",'ORB Results'!L2:L21)
A14: Final Cumulative P/L | B14: ='ORB Results'!N21
